month,actual_revenue,forecast_revenue,lower_confidence_bound,upper_confidence_bound,is_forecast
2009-12,683504.01,,,,False
2010-01,555802.672,,,,False
2010-02,504558.956,,,,False
2010-03,696978.471,,,,False
2010-04,591982.002,,,,False
2010-05,597833.38,,,,False
2010-06,636371.13,,,,False
2010-07,589736.17,,,,False
2010-08,602224.6,,,,False
2010-09,829013.951,,,,False
2010-10,1033112.01,,,,False
2010-11,1166460.022,,,,False
2010-12,570422.73,,,,False
2011-01,568101.31,,,,False
2011-02,446084.92,,,,False
2011-03,594081.76,,,,False
2011-04,468374.331,,,,False
2011-05,677355.15,,,,False
2011-06,660046.05,,,,False
2011-07,598962.901,,,,False
2011-08,644051.04,,,,False
2011-09,950690.202,,,,False
2011-10,1035642.45,,,,False
2011-11,1156205.61,,,,False
2011-12,,610300.2787341748,237330.40213808027,983270.1553302694,True
2012-01,,608166.6750485454,115235.87487607641,1101097.4752210143,True
2012-02,,496022.11722996755,-92921.86879012507,1084966.1032500602,True
