cohort_month,cohort_size,average_order_value
2009-12,955,554.6796813000716
2010-01,383,413.15062860767523
2010-02,374,392.40047912524847
2010-03,443,431.48507998614963
2010-04,294,365.99226917989415
2010-05,254,343.51628113879
2010-06,270,494.00685383980186
2010-07,186,321.9950729166667
2010-08,162,350.8426711409396
2010-09,243,571.6500807577268
2010-10,377,389.94203264094955
2010-11,325,342.494324853229
2010-12,76,401.345641025641
2011-01,71,541.623474903475
2011-02,124,349.5396930946291
2011-03,179,352.6077156549521
2011-04,106,302.72129213483146
2011-05,111,815.6382621082622
2011-06,108,456.5115309446254
2011-07,102,331.13614385964917
2011-08,106,582.072421875
2011-09,189,369.6044392523365
2011-10,221,366.4484855769231
2011-11,191,341.3187591240876
2011-12,28,794.1453333333334
