month,monthly_revenue,monthly_orders
2009-12-01,683504.01,1512
2010-01-01,555802.672,1011
2010-02-01,504558.956,1104
2010-03-01,696978.471,1524
2010-04-01,591982.002,1329
2010-05-01,597833.38,1377
2010-06-01,636371.13,1497
2010-07-01,589736.17,1381
2010-08-01,602224.6,1293
2010-09-01,829013.951,1689
2010-10-01,1033112.01,2133
2010-11-01,1166460.022,2587
2010-12-01,570422.73,1400
2011-01-01,568101.31,987
2011-02-01,446084.92,997
2011-03-01,594081.76,1321
2011-04-01,468374.331,1149
2011-05-01,677355.15,1555
2011-06-01,660046.05,1393
2011-07-01,598962.901,1331
2011-08-01,644051.04,1280
2011-09-01,950690.202,1755
2011-10-01,1035642.45,1929
2011-11-01,1156205.61,2657
2011-12-01,517208.44,778
